[{
        "name": "Veena",
        "PrimaryType": "String",
        "SecondaryType": "Plucked",
        "isAvailable": true,
        "saleCategory": ["Sale", "Rent"],
        "id": "ANWZaMC37d"
    }, {
        "name": "Violin",
        "PrimaryType": "String",
        "SecondaryType": "Bowed",
        "isAvailable": true,
        "saleCategory": ["Sale", "Rent"],
        "id": "p6akQrFurs"
    }, {
        "name": "Violin",
        "PrimaryType": "String",
        "SecondaryType": "bowed",
        "isAvailable": true,
        "saleCategory": ["Sale", "Rent"],
        "id": "t6NHOwazi6"
    }, {
        "name": "Flute",
        "PrimaryType": "Wind",
        "SecondaryType": "blown",
        "isAvailable": false,
        "saleCategory": ["Sale", "Rent"],
        "id": "ZD5S6V9ipK"
    }, {
        "name": "Flute",
        "PrimaryType": "Wind",
        "SecondaryType": "blown",
        "isAvailable": false,
        "saleCategory": ["Sale", "Rent"],
        "id": "05iKjgTa58"
    }, {
        "name": "Veena",
        "PrimaryType": "String",
        "SecondaryType": "Plucked",
        "isAvailable": true,
        "saleCategory": ["Sale"],
        "id": "RwVBHTmGsn"
    }, {
        "name": "Mridangam",
        "PrimaryType": "Percussion",
        "SecondaryType": "two_handed",
        "isAvailable": true,
        "saleCategory": ["Sale"],
        "id": "YcorC5Kuxm"
    }
]
